{
    "time": [
        1998,
        1999,
        2000,
        2001,
        2002,
        2003,
        2004,
        2005,
        2006,
        2007,
        2008,
        2009,
        2010,
        2011,
        2012,
        2013,
        2014,
        2015,
        2016,
        2017,
        2018,
        2019,
        2020
    ],
    "place1": [
        21.07282608695652,
        46.43095890410959,
        -46.53415300546448,
        28.259999999999998,
        -9.670410958904109,
        -41.12,
        -8.526775956284153,
        7.959726027397259,
        39.07232876712329,
        28.834246575342465,
        16.245081967213114,
        77.1268493150685,
        77.60712328767123,
        80.14082191780822,
        74.45409836065573,
        64.80493150684931,
        38.31693989071038,
        47.54043715846994,
        79.92814207650274,
        44.54684931506849,
        75.62246575342466,
        76.97123287671234,
        83.91865671641791
    ],
    "place2": [
        20.30082191780822,
        -9.929589041095891,
        35.456010928961746,
        67.06191780821918,
        48.56301369863014,
        -34.60767123287671,
        -45.04180327868852,
        30.586575342465753,
        70.49150684931507,
        71.88328767123288,
        66.57650273224044,
        62.422739726027395,
        39.52767123287671,
        64.34821917808219,
        54.384972677595634,
        39.94849315068493,
        60.39534246575342,
        70.86475409836065,
        72.39043715846995,
        72.87808219178082,
        69.8309589041096,
        66.44246575342466,
        71.4578947368421
    ]
}